DATE,Open,High,Low,Close
2021-09-02 13:09:00,68.0,68.03,66.42,66.42
2021-09-02 14:09:00,66.31,67.1,66.21,66.79
2021-09-02 15:09:00,67.0,67.07,66.85,67.07
2021-09-02 16:09:00,67.01,67.1,66.98,67.01
2021-09-02 17:09:00,66.99,66.99,66.99,66.99
2021-09-02 18:09:00,65.79,65.79,64.49,64.65
2021-09-02 19:09:00,65.64,65.64,65.3,65.55
2021-09-03 13:09:00,64.69,66.6,64.69,66.54
2021-09-03 14:09:00,68.56,68.99,68.38,68.99
2021-09-03 15:09:00,67.75,67.97,67.61,67.79
2021-09-03 16:09:00,67.9,67.96,67.78,67.79
2021-09-03 17:09:00,67.94,68.05,67.74,67.87
2021-09-03 18:09:00,67.84,67.84,67.7,67.7
2021-09-03 19:09:00,67.95,68.54,67.92,68.42
2021-09-07 13:09:00,69.8,71.77,69.8,71.77
2021-09-07 14:09:00,72.02,72.68,72.02,72.09
2021-09-07 15:09:00,72.7,73.01,71.9,71.92
2021-09-07 16:09:00,71.46,71.56,71.32,71.36
2021-09-07 17:09:00,71.98,72.06,71.91,71.98
2021-09-07 18:09:00,71.98,72.01,71.89,71.93
2021-09-07 19:09:00,71.88,71.9,71.61,71.85
2021-09-08 13:09:00,70.18,70.33,68.5,68.78
2021-09-08 14:09:00,67.8,67.98,65.81,66.76
2021-09-08 15:09:00,65.99,66.86,65.9,66.86
2021-09-08 16:09:00,66.03,66.74,66.03,66.74
2021-09-08 17:09:00,68.12,68.19,68.0,68.01
2021-09-08 18:09:00,68.31,68.51,68.24,68.24
2021-09-08 19:09:00,68.14,68.19,67.99,68.0
2021-09-09 13:09:00,69.9,72.81,69.79,69.79
2021-09-09 14:09:00,67.45,67.69,64.54,65.5
2021-09-09 15:09:00,63.35,65.41,63.35,64.54
2021-09-09 16:09:00,65.9,66.22,65.8,66.03
2021-09-09 17:09:00,66.09,66.09,65.48,65.72
2021-09-09 18:09:00,65.85,66.33,65.84,65.94
2021-09-09 19:09:00,65.82,66.07,65.82,66.05
2021-09-10 13:09:00,66.83,67.99,66.83,67.5
2021-09-10 14:09:00,65.41,65.41,64.87,65.01
2021-09-10 15:09:00,63.51,63.9,63.24,63.62
2021-09-10 16:09:00,63.47,64.04,63.47,63.95
2021-09-10 17:09:00,64.43,64.68,63.91,63.99
2021-09-10 18:09:00,63.77,63.99,63.23,63.55
2021-09-10 19:09:00,63.37,63.65,63.33,63.49
2021-09-13 13:09:00,63.96,64.18,59.6,60.0
2021-09-13 14:09:00,59.0,60.0,59.0,59.19
2021-09-13 15:09:00,59.94,60.24,59.81,59.81
2021-09-13 16:09:00,60.47,60.47,60.17,60.35
2021-09-13 17:09:00,60.04,60.41,60.01,60.33
2021-09-13 18:09:00,60.04,60.72,60.04,60.69
2021-09-13 19:09:00,60.08,60.08,59.41,59.86
2021-09-14 13:09:00,61.81,62.5,61.64,61.89
2021-09-14 14:09:00,61.9,62.06,61.23,61.23
2021-09-14 15:09:00,62.24,62.24,61.96,61.96
2021-09-14 16:09:00,62.0,62.17,61.82,61.82
2021-09-14 17:09:00,61.66,61.8,61.4,61.4
2021-09-14 18:09:00,61.9,61.9,61.64,61.76
2021-09-14 19:09:00,61.96,61.96,61.89,61.89
2021-09-15 13:09:00,61.71,62.4,61.71,61.74
2021-09-15 14:09:00,62.29,62.37,61.78,61.84
2021-09-15 15:09:00,63.62,63.62,63.62,63.62
2021-09-15 16:09:00,63.21,63.34,63.15,63.33
2021-09-15 17:09:00,63.59,63.65,63.48,63.53
2021-09-15 18:09:00,63.97,63.97,63.97,63.97
2021-09-15 19:09:00,65.27,66.04,65.27,65.95
2021-09-16 13:09:00,68.64,68.64,67.0,67.97
2021-09-16 14:09:00,68.48,69.98,68.35,68.6
2021-09-16 15:09:00,70.19,70.75,70.09,70.75
2021-09-16 16:09:00,70.95,71.4,70.93,71.27
2021-09-16 17:09:00,71.05,71.1,71.03,71.08
2021-09-16 18:09:00,71.61,71.86,71.52,71.86
2021-09-16 19:09:00,72.21,72.21,72.09,72.1
2021-09-17 13:09:00,72.07,72.07,69.89,70.42
2021-09-17 14:09:00,70.05,70.05,68.95,69.31
2021-09-17 15:09:00,69.0,69.08,68.69,68.93
2021-09-17 16:09:00,68.27,68.46,68.01,68.39
2021-09-17 17:09:00,69.08,69.08,68.86,69.03
2021-09-17 18:09:00,68.23,68.99,68.23,68.99
2021-09-17 19:09:00,69.94,70.06,69.42,69.42
2021-09-20 13:09:00,64.03,65.37,62.02,65.3
2021-09-20 14:09:00,66.16,66.16,63.49,64.45
2021-09-20 15:09:00,64.51,64.9,64.5,64.5
2021-09-20 16:09:00,63.44,63.89,62.81,63.89
2021-09-20 17:09:00,63.89,64.18,63.89,64.18
2021-09-20 18:09:00,64.44,64.44,64.1,64.1
2021-09-20 19:09:00,63.85,64.0,63.78,63.84
2021-09-21 13:09:00,64.65,64.65,63.36,64.2
2021-09-21 14:09:00,64.46,64.46,61.81,62.0
2021-09-21 15:09:00,63.54,64.0,63.18,63.49
2021-09-21 16:09:00,64.1,64.1,64.1,64.1
2021-09-21 17:09:00,62.88,63.21,62.76,63.11
2021-09-21 18:09:00,64.11,65.0,64.04,64.84
2021-09-21 19:09:00,63.1,63.98,62.9,63.98
2021-09-22 13:09:00,64.55,64.55,62.5,62.5
2021-09-22 14:09:00,63.9,64.85,63.9,64.85
2021-09-22 15:09:00,64.21,64.28,63.82,63.87
2021-09-22 16:09:00,64.41,64.5,64.26,64.33
2021-09-22 17:09:00,64.53,64.97,64.44,64.97
2021-09-22 18:09:00,64.45,65.18,64.45,65.0
2021-09-22 19:09:00,64.04,64.04,64.04,64.04
2021-09-23 13:09:00,64.2,64.2,63.25,63.3
2021-09-23 14:09:00,63.01,63.01,62.27,62.27
2021-09-23 15:09:00,61.11,61.13,61.08,61.13
2021-09-23 16:09:00,61.0,61.0,60.3,60.3
2021-09-23 17:09:00,60.57,60.57,60.57,60.57
2021-09-23 18:09:00,62.09,62.11,61.81,62.04
2021-09-23 19:09:00,60.83,61.28,60.82,60.87
2021-09-24 13:09:00,60.18,61.42,60.18,61.13
2021-09-24 14:09:00,60.53,61.21,60.53,61.01
2021-09-24 15:09:00,61.97,61.97,61.28,61.34
2021-09-24 16:09:00,61.21,61.21,61.12,61.14
2021-09-24 17:09:00,61.19,61.19,61.19,61.19
2021-09-24 18:09:00,60.39,60.39,60.35,60.35
2021-09-24 19:09:00,60.73,60.73,60.43,60.43
2021-09-27 13:09:00,59.62,59.63,57.87,58.48
2021-09-27 14:09:00,58.13,58.88,57.82,58.88
2021-09-27 15:09:00,58.72,58.78,58.2,58.23
2021-09-27 16:09:00,57.87,57.87,57.5,57.5
2021-09-27 17:09:00,57.0,57.2,56.89,57.2
2021-09-27 18:09:00,57.2,57.21,57.03,57.05
2021-09-27 19:09:00,56.85,56.99,56.5,56.71
2021-09-28 13:09:00,55.38,55.75,54.5,55.0
2021-09-28 14:09:00,55.93,56.96,55.48,56.3
2021-09-28 15:09:00,54.98,55.21,54.6,54.6
2021-09-28 16:09:00,54.59,55.0,54.59,54.93
2021-09-28 17:09:00,54.32,54.82,54.32,54.53
2021-09-28 18:09:00,54.85,54.85,54.4,54.53
2021-09-28 19:09:00,55.08,55.32,55.02,55.31
2021-09-29 13:09:00,56.29,56.29,55.1,55.33
2021-09-29 14:09:00,56.99,58.57,56.83,57.86
2021-09-29 15:09:00,58.02,58.75,57.46,57.58
2021-09-29 16:09:00,56.65,57.06,56.32,56.32
2021-09-29 17:09:00,56.72,56.72,56.5,56.6
2021-09-29 18:09:00,56.53,57.5,56.53,57.31
2021-09-29 19:09:00,56.07,56.07,55.8,56.03
2021-09-30 13:09:00,55.14,56.05,55.11,55.11
2021-09-30 14:09:00,54.06,54.06,52.96,53.0
2021-09-30 15:09:00,53.18,53.61,53.18,53.31
2021-09-30 16:09:00,53.44,53.51,53.44,53.51
2021-09-30 17:09:00,54.23,54.43,54.11,54.11
2021-09-30 18:09:00,54.17,54.54,54.17,54.45
2021-09-30 19:09:00,55.21,55.36,54.95,55.2
2021-10-01 13:10:00,54.23,54.23,53.0,53.01
2021-10-01 14:10:00,53.06,53.23,52.61,53.23
2021-10-01 15:10:00,52.99,53.28,52.85,53.04
2021-10-01 16:10:00,53.56,53.56,53.56,53.56
2021-10-01 17:10:00,53.24,53.74,53.24,53.56
2021-10-01 18:10:00,54.37,54.4,53.97,54.01
2021-10-01 19:10:00,55.3,55.73,55.25,55.4
2021-10-04 13:10:00,55.18,55.18,52.77,52.77
2021-10-04 14:10:00,53.79,53.79,52.5,52.5
2021-10-04 15:10:00,51.39,52.15,51.3,52.11
2021-10-04 16:10:00,52.3,52.34,52.07,52.3
2021-10-04 17:10:00,51.3,51.4,51.26,51.35
2021-10-04 18:10:00,51.08,51.29,51.08,51.13
2021-10-04 19:10:00,51.11,51.74,51.01,51.74
2021-10-05 13:10:00,52.25,53.15,52.25,53.0
2021-10-05 14:10:00,53.25,53.33,52.35,52.35
2021-10-05 15:10:00,53.11,53.11,53.01,53.01
2021-10-05 16:10:00,51.95,52.01,51.9,51.9
2021-10-05 17:10:00,51.02,51.37,51.0,51.37
2021-10-05 18:10:00,51.02,51.12,51.02,51.12
2021-10-05 19:10:00,51.64,51.71,51.56,51.64
2021-10-06 13:10:00,50.99,52.18,50.99,52.18
2021-10-06 14:10:00,52.0,52.0,51.02,51.28
2021-10-06 15:10:00,52.57,52.71,52.21,52.21
2021-10-06 16:10:00,52.97,53.27,52.96,53.2
2021-10-06 17:10:00,53.02,53.02,52.45,52.48
2021-10-06 18:10:00,53.56,53.81,53.54,53.63
2021-10-06 19:10:00,53.75,53.75,53.51,53.51
2021-10-07 13:10:00,54.95,55.8,54.82,55.5
2021-10-07 14:10:00,56.77,57.85,56.69,57.8
2021-10-07 15:10:00,58.55,58.9,58.12,58.12
2021-10-07 16:10:00,58.91,58.91,58.74,58.8
2021-10-07 17:10:00,57.96,57.96,57.6,57.6
2021-10-07 18:10:00,56.8,56.8,56.68,56.77
2021-10-07 19:10:00,56.47,56.56,56.47,56.5
2021-10-08 13:10:00,57.7,57.7,56.0,56.39
2021-10-08 14:10:00,55.61,56.9,55.61,56.67
2021-10-08 15:10:00,56.65,56.65,56.58,56.62
2021-10-08 16:10:00,55.29,55.29,55.29,55.29
2021-10-08 17:10:00,55.5,55.56,55.5,55.51
2021-10-08 18:10:00,55.2,55.24,55.2,55.24
2021-10-08 19:10:00,55.3,55.3,55.3,55.3
2021-10-11 13:10:00,54.1,54.2,54.0,54.05
2021-10-11 14:10:00,54.38,54.85,54.38,54.85
2021-10-11 15:10:00,53.26,53.45,52.51,52.74
2021-10-11 16:10:00,53.15,53.15,53.15,53.15
2021-10-11 17:10:00,53.15,53.15,52.85,52.85
2021-10-11 18:10:00,52.65,52.76,52.62,52.7
2021-10-11 19:10:00,52.45,52.46,52.38,52.46
2021-10-12 13:10:00,53.55,53.55,53.55,53.55
2021-10-12 14:10:00,53.69,53.72,53.56,53.56
2021-10-12 15:10:00,54.53,54.55,54.43,54.43
2021-10-12 16:10:00,54.97,55.1,54.91,55.0
2021-10-12 17:10:00,55.06,55.66,54.9,55.66
2021-10-12 18:10:00,55.91,56.0,55.87,55.87
2021-10-12 19:10:00,55.47,55.55,55.34,55.34
2021-10-13 13:10:00,55.83,57.09,55.81,57.09
2021-10-13 14:10:00,56.85,57.98,56.85,57.17
2021-10-13 15:10:00,58.04,58.69,57.98,58.47
2021-10-13 16:10:00,58.71,59.11,58.71,59.06
2021-10-13 17:10:00,59.1,59.1,58.7,58.7
2021-10-13 18:10:00,58.47,58.77,58.28,58.28
2021-10-13 19:10:00,58.49,58.72,58.49,58.72
2021-10-14 13:10:00,61.34,62.2,60.83,61.94
2021-10-14 14:10:00,61.71,62.2,61.6,62.04
2021-10-14 15:10:00,61.34,61.45,61.27,61.45
2021-10-14 16:10:00,61.53,61.6,61.53,61.55
2021-10-14 17:10:00,60.6,60.6,60.43,60.43
2021-10-14 18:10:00,59.78,59.95,59.45,59.95
2021-10-14 19:10:00,60.48,60.48,60.29,60.29
2021-10-15 13:10:00,58.36,58.79,58.36,58.78
2021-10-15 14:10:00,59.4,59.48,58.75,59.48
2021-10-15 15:10:00,59.95,59.95,59.76,59.89
2021-10-15 16:10:00,59.64,59.66,59.64,59.66
2021-10-15 17:10:00,59.55,59.55,59.47,59.47
2021-10-15 18:10:00,59.18,59.22,59.18,59.22
2021-10-15 19:10:00,59.61,59.61,59.41,59.41
2021-10-18 13:10:00,60.48,61.06,60.44,61.06
2021-10-18 14:10:00,61.88,62.21,61.78,62.21
2021-10-18 15:10:00,62.16,62.45,62.16,62.45
2021-10-18 16:10:00,62.38,62.38,62.38,62.38
2021-10-18 17:10:00,63.47,63.51,63.37,63.37
2021-10-18 18:10:00,62.91,63.0,62.84,62.89
2021-10-18 19:10:00,62.96,62.96,62.91,62.95
2021-10-19 13:10:00,63.5,63.5,62.6,63.08
2021-10-19 14:10:00,61.9,62.44,61.9,62.17
2021-10-19 15:10:00,63.22,63.35,63.07,63.07
2021-10-19 16:10:00,63.74,63.74,63.68,63.71
2021-10-19 17:10:00,64.75,64.79,64.59,64.59
2021-10-19 18:10:00,63.76,63.76,63.12,63.12
2021-10-19 19:10:00,62.58,62.77,62.58,62.77
2021-10-20 13:10:00,63.0,63.11,62.9,63.11
2021-10-20 14:10:00,62.0,62.32,61.89,62.32
2021-10-20 15:10:00,61.55,61.55,61.26,61.27
2021-10-20 16:10:00,62.16,62.16,62.16,62.16
2021-10-20 17:10:00,62.64,62.64,62.5,62.5
2021-10-20 18:10:00,62.76,62.76,62.76,62.76
2021-10-20 19:10:00,62.83,62.83,62.8,62.8
2021-10-21 13:10:00,62.72,64.99,62.72,64.99
2021-10-21 14:10:00,65.09,65.84,65.06,65.84
2021-10-21 15:10:00,65.66,65.66,65.51,65.56
2021-10-21 16:10:00,65.98,66.26,65.98,66.2
2021-10-21 17:10:00,67.36,67.5,67.31,67.4
2021-10-21 18:10:00,67.35,67.43,66.43,66.43
2021-10-21 19:10:00,66.63,66.79,66.63,66.79
2021-10-22 13:10:00,64.86,65.39,64.76,64.76
2021-10-22 14:10:00,65.05,65.48,64.73,64.92
2021-10-22 15:10:00,64.96,65.02,64.81,64.95
2021-10-22 16:10:00,63.93,64.06,63.93,64.06
2021-10-22 17:10:00,63.78,63.78,63.78,63.78
2021-10-22 18:10:00,63.15,63.4,63.14,63.4
2021-10-22 19:10:00,63.63,64.06,63.56,64.02
2021-10-25 13:10:00,64.1,64.58,63.39,63.39
2021-10-25 14:10:00,63.19,63.86,63.19,63.86
2021-10-25 15:10:00,66.02,66.02,66.0,66.0
2021-10-25 16:10:00,66.34,66.39,66.02,66.02
2021-10-25 17:10:00,66.0,66.06,65.96,65.96
2021-10-25 18:10:00,66.0,66.08,65.65,66.08
2021-10-25 19:10:00,65.47,65.47,65.18,65.18
2021-10-26 13:10:00,66.91,67.41,66.91,67.0
2021-10-26 14:10:00,67.05,67.53,67.04,67.53
2021-10-26 15:10:00,67.2,67.2,66.44,66.44
2021-10-26 16:10:00,66.0,66.04,65.89,66.04
2021-10-26 17:10:00,64.77,64.97,64.6,64.6
2021-10-26 18:10:00,64.99,64.99,64.99,64.99
2021-10-26 19:10:00,65.34,65.34,65.34,65.34
2021-10-27 13:10:00,66.4,67.75,66.4,67.51
2021-10-27 14:10:00,66.0,66.41,66.0,66.41
2021-10-27 15:10:00,65.56,65.56,65.08,65.08
2021-10-27 16:10:00,64.32,64.32,64.23,64.23
2021-10-27 17:10:00,64.24,64.25,64.13,64.2
2021-10-27 18:10:00,64.27,64.27,64.25,64.25
2021-10-27 19:10:00,64.47,64.47,64.32,64.32
2021-10-28 13:10:00,63.75,63.75,62.75,63.3
2021-10-28 14:10:00,63.29,63.29,62.99,63.23
2021-10-28 15:10:00,62.72,64.09,62.72,64.01
2021-10-28 16:10:00,63.93,63.93,63.82,63.93
2021-10-28 17:10:00,64.04,64.04,63.95,63.96
2021-10-28 18:10:00,64.1,64.18,64.0,64.0
2021-10-28 19:10:00,64.32,64.52,64.32,64.52
2021-10-29 13:10:00,64.31,65.5,64.31,65.18
2021-10-29 14:10:00,64.9,64.9,64.9,64.9
2021-10-29 15:10:00,64.55,64.55,64.43,64.45
2021-10-29 16:10:00,65.26,65.97,65.26,65.97
2021-10-29 17:10:00,66.68,66.69,66.5,66.5
2021-10-29 18:10:00,66.09,66.09,66.06,66.06
2021-10-29 19:10:00,66.12,66.12,66.12,66.12
2021-11-01 13:11:00,66.52,66.52,65.17,65.77
2021-11-01 14:11:00,65.6,65.6,65.4,65.4
2021-11-01 15:11:00,64.08,64.41,64.08,64.41
2021-11-01 16:11:00,64.96,64.96,64.88,64.89
2021-11-01 17:11:00,65.33,65.33,65.33,65.33
2021-11-01 18:11:00,65.97,66.11,65.95,66.11
2021-11-01 19:11:00,66.39,66.56,66.38,66.56
2021-11-02 13:11:00,67.86,70.42,67.86,68.69
2021-11-02 14:11:00,66.19,66.19,64.59,64.59
2021-11-02 15:11:00,65.46,65.47,65.41,65.47
2021-11-02 16:11:00,64.31,64.38,64.31,64.38
2021-11-02 17:11:00,64.53,64.6,64.47,64.6
2021-11-02 18:11:00,64.67,64.67,64.61,64.61
2021-11-02 19:11:00,63.61,63.61,63.6,63.61
2021-11-03 13:11:00,63.69,63.69,63.6,63.6
2021-11-03 14:11:00,64.01,64.72,64.01,64.72
2021-11-03 15:11:00,64.96,65.23,64.96,65.23
2021-11-03 16:11:00,65.22,65.22,65.22,65.22
2021-11-03 17:11:00,64.08,64.08,64.08,64.08
2021-11-03 18:11:00,64.14,64.14,63.47,63.7
2021-11-03 19:11:00,65.42,65.68,65.42,65.68
2021-11-04 13:11:00,66.55,67.19,66.55,67.19
2021-11-04 14:11:00,67.41,67.88,67.41,67.66
2021-11-04 15:11:00,68.18,68.18,67.79,68.15
2021-11-04 16:11:00,68.42,68.78,68.2,68.2
2021-11-04 17:11:00,67.91,68.0,67.91,68.0
2021-11-04 18:11:00,67.98,67.98,67.95,67.96
2021-11-04 19:11:00,68.58,68.63,68.58,68.63
2021-11-05 13:11:00,68.26,68.58,68.22,68.58
2021-11-05 14:11:00,67.82,68.06,67.68,68.02
2021-11-05 15:11:00,65.36,65.36,64.71,65.09
2021-11-05 16:11:00,64.36,64.69,64.36,64.52
2021-11-05 17:11:00,64.75,64.75,64.29,64.29
2021-11-05 18:11:00,65.44,65.5,65.41,65.5
2021-11-05 19:11:00,65.65,65.66,65.51,65.66
2021-11-08 14:11:00,67.5,67.58,67.34,67.34
2021-11-08 15:11:00,66.82,67.0,66.78,66.98
2021-11-08 16:11:00,67.96,68.09,67.96,68.09
2021-11-08 17:11:00,67.57,67.85,67.54,67.85
2021-11-08 18:11:00,67.73,68.21,67.73,68.21
2021-11-08 19:11:00,68.19,68.34,68.19,68.2
2021-11-08 20:11:00,68.49,68.49,68.49,68.49
2021-11-09 14:11:00,70.99,73.88,70.99,72.42
2021-11-09 15:11:00,68.81,71.48,68.74,71.48
2021-11-09 16:11:00,72.38,72.45,72.04,72.44
2021-11-09 17:11:00,72.92,73.0,72.44,73.0
2021-11-09 18:11:00,74.5,74.51,74.21,74.21
2021-11-09 19:11:00,74.7,74.92,74.7,74.92
2021-11-09 20:11:00,74.42,74.42,73.89,73.89
2021-11-10 14:11:00,72.59,74.0,71.54,73.59
2021-11-10 15:11:00,73.77,74.24,73.57,73.81
2021-11-10 16:11:00,73.36,73.5,73.0,73.0
2021-11-10 17:11:00,72.5,72.5,72.4,72.4
2021-11-10 18:11:00,72.83,73.04,72.8,72.87
2021-11-10 19:11:00,70.19,70.49,70.18,70.3
2021-11-10 20:11:00,69.0,69.72,68.99,69.36
2021-11-11 14:11:00,71.7,73.24,71.7,73.16
2021-11-11 15:11:00,74.0,74.01,73.94,73.94
2021-11-11 16:11:00,73.36,73.62,73.36,73.43
2021-11-11 17:11:00,72.88,72.99,72.88,72.99
2021-11-11 18:11:00,73.1,73.21,73.09,73.21
2021-11-11 19:11:00,72.97,72.97,72.92,72.92
2021-11-11 20:11:00,72.76,72.76,72.76,72.76
2021-11-12 14:11:00,75.13,77.43,75.13,77.03
2021-11-12 15:11:00,77.98,78.35,77.19,77.45
2021-11-12 16:11:00,76.19,76.32,75.84,75.84
2021-11-12 17:11:00,76.79,77.07,76.65,77.07
2021-11-12 18:11:00,75.87,75.87,75.74,75.77
2021-11-12 19:11:00,76.04,76.6,75.95,76.5
2021-11-12 20:11:00,77.09,77.09,77.09,77.09
2021-11-15 14:11:00,76.63,78.27,76.3,76.3
2021-11-15 15:11:00,76.28,76.44,75.93,76.2
2021-11-15 16:11:00,74.05,74.54,73.84,74.54
2021-11-15 17:11:00,73.92,73.92,72.27,72.27
2021-11-15 18:11:00,72.84,72.84,72.76,72.76
2021-11-15 19:11:00,72.4,72.4,72.26,72.28
2021-11-15 20:11:00,72.14,72.22,72.14,72.17
2021-11-16 14:11:00,71.8,72.91,71.8,72.61
2021-11-16 15:11:00,74.14,74.14,73.6,73.61
2021-11-16 16:11:00,74.0,74.23,73.87,74.23
2021-11-16 17:11:00,74.61,75.12,74.59,75.12
2021-11-16 18:11:00,74.44,74.6,74.44,74.6
2021-11-16 19:11:00,74.67,74.81,74.67,74.81
2021-11-16 20:11:00,74.88,74.88,74.88,74.88
2021-11-17 14:11:00,74.8,74.8,74.24,74.24
2021-11-17 15:11:00,72.32,72.4,71.71,72.23
2021-11-17 16:11:00,73.77,73.86,73.44,73.44
2021-11-17 17:11:00,72.99,72.99,72.46,72.48
2021-11-17 18:11:00,73.24,73.24,73.24,73.24
2021-11-17 19:11:00,73.35,73.43,73.19,73.43
2021-11-17 20:11:00,73.34,73.34,73.09,73.33
2021-11-18 14:11:00,74.44,74.44,73.85,74.0
2021-11-18 15:11:00,72.1,72.1,70.92,70.92
2021-11-18 16:11:00,72.3,72.3,72.3,72.3
2021-11-18 17:11:00,73.59,73.79,73.49,73.79
2021-11-18 18:11:00,72.72,72.72,72.72,72.72
2021-11-18 19:11:00,72.79,72.85,72.78,72.78
2021-11-18 20:11:00,73.02,73.05,73.02,73.05
2021-11-19 14:11:00,73.92,75.2,73.92,75.07
2021-11-19 15:11:00,74.6,75.48,74.6,75.17
2021-11-19 16:11:00,72.84,72.84,72.57,72.74
2021-11-19 17:11:00,72.21,72.21,72.18,72.18
2021-11-19 18:11:00,72.15,72.15,71.78,71.78
2021-11-19 19:11:00,70.46,71.02,70.46,70.95
2021-11-19 20:11:00,71.31,71.31,70.8,70.8
2021-11-22 14:11:00,70.32,70.32,68.08,68.43
2021-11-22 15:11:00,67.21,67.74,66.51,66.53
2021-11-22 16:11:00,66.32,66.32,64.93,65.86
2021-11-22 17:11:00,63.0,63.0,62.32,62.42
2021-11-22 18:11:00,63.65,63.84,63.09,63.84
2021-11-22 19:11:00,64.88,64.88,64.61,64.68
2021-11-22 20:11:00,64.62,65.43,64.62,65.43
2021-11-23 14:11:00,62.28,64.4,61.4,64.29
2021-11-23 15:11:00,64.71,64.71,61.98,62.04
2021-11-23 16:11:00,60.92,61.13,60.13,61.01
2021-11-23 17:11:00,60.17,60.3,60.15,60.2
2021-11-23 18:11:00,59.92,60.05,59.51,59.55
2021-11-23 19:11:00,58.68,58.89,58.59,58.59
2021-11-23 20:11:00,58.82,58.97,58.15,58.31
2021-11-24 14:11:00,57.0,58.17,55.89,57.55
2021-11-24 15:11:00,57.5,57.88,57.29,57.29
2021-11-24 16:11:00,57.5,57.89,57.49,57.89
2021-11-24 17:11:00,57.84,58.24,57.5,57.54
2021-11-24 18:11:00,58.34,58.4,57.83,57.91
2021-11-24 19:11:00,57.75,57.75,57.2,57.38
2021-11-24 20:11:00,57.75,58.09,57.47,58.09
2021-11-26 14:11:00,58.53,59.79,58.52,59.2
2021-11-26 15:11:00,59.56,59.57,58.25,58.37
2021-11-26 16:11:00,57.19,57.6,56.62,56.89
2021-11-26 17:11:00,57.95,58.0,57.42,57.42
2021-11-29 14:11:00,59.23,59.23,56.86,56.86
2021-11-29 15:11:00,57.48,57.48,56.61,57.11
2021-11-29 16:11:00,57.2,57.55,57.14,57.14
2021-11-29 17:11:00,57.04,57.34,56.96,57.31
2021-11-29 18:11:00,58.49,58.52,57.92,57.92
2021-11-29 19:11:00,58.03,58.03,57.74,57.96
2021-11-29 20:11:00,57.77,57.78,57.68,57.71
2021-11-30 14:11:00,57.81,59.16,57.81,58.94
2021-11-30 15:11:00,58.78,58.78,58.01,58.01
2021-11-30 16:11:00,54.85,55.31,54.2,54.5
2021-11-30 17:11:00,54.2,54.31,53.26,53.54
2021-11-30 18:11:00,53.08,53.28,52.75,52.97
2021-11-30 19:11:00,53.85,54.58,53.73,54.58
2021-11-30 20:11:00,53.95,53.98,53.65,53.65
2021-12-01 14:12:00,55.33,55.39,55.0,55.14
2021-12-01 15:12:00,53.87,54.46,53.54,53.55
2021-12-01 16:12:00,53.28,53.28,52.61,52.66
2021-12-01 17:12:00,51.41,51.59,51.25,51.39
2021-12-01 18:12:00,50.16,50.35,49.5,49.5
2021-12-01 19:12:00,49.8,49.86,49.21,49.4
2021-12-01 20:12:00,49.86,49.86,48.86,49.2
2021-12-02 14:12:00,48.6,50.06,48.2,49.85
2021-12-02 15:12:00,51.72,51.84,50.71,50.72
2021-12-02 16:12:00,47.81,47.9,47.03,47.9
2021-12-02 17:12:00,47.98,48.39,47.95,48.12
2021-12-02 18:12:00,50.32,50.32,49.7,50.0
2021-12-02 19:12:00,50.17,50.32,49.86,49.86
2021-12-02 20:12:00,49.92,50.0,49.8,49.94
2021-12-03 14:12:00,49.32,49.59,47.29,47.34
2021-12-03 15:12:00,47.63,47.84,46.64,46.91
2021-12-03 16:12:00,46.9,47.03,45.66,45.81
2021-12-03 17:12:00,44.23,45.1,44.19,44.9
2021-12-03 18:12:00,45.3,45.87,45.22,45.79
2021-12-03 19:12:00,45.74,46.41,45.74,46.41
2021-12-03 20:12:00,45.48,45.74,45.48,45.59
2021-12-06 14:12:00,46.1,46.13,43.03,44.64
2021-12-06 15:12:00,44.54,45.99,44.54,45.84
2021-12-06 16:12:00,44.93,45.5,44.85,44.85
2021-12-06 17:12:00,45.1,45.15,44.51,44.88
2021-12-06 18:12:00,45.4,45.64,45.03,45.28
2021-12-06 19:12:00,44.98,45.13,44.74,44.92
2021-12-06 20:12:00,44.38,44.52,44.11,44.52
2021-12-07 14:12:00,48.14,50.67,48.04,49.6
2021-12-07 15:12:00,51.29,51.5,50.7,51.4
2021-12-07 16:12:00,51.73,51.77,50.86,50.89
2021-12-07 17:12:00,50.24,50.94,50.24,50.94
2021-12-07 18:12:00,50.81,50.86,49.92,50.0
2021-12-07 19:12:00,48.9,49.13,48.81,48.81
2021-12-07 20:12:00,50.0,50.31,49.58,49.61
2021-12-08 14:12:00,45.01,46.75,43.19,45.96
2021-12-08 15:12:00,44.46,44.74,43.3,43.48
2021-12-08 16:12:00,45.39,45.81,44.91,45.68
2021-12-08 17:12:00,47.76,48.13,47.58,47.81
2021-12-08 18:12:00,47.13,47.6,47.13,47.38
2021-12-08 19:12:00,48.65,48.83,48.1,48.48
2021-12-08 20:12:00,48.33,48.71,48.33,48.45
2021-12-09 14:12:00,46.6,48.77,46.27,48.6
2021-12-09 15:12:00,47.15,47.95,47.14,47.75
2021-12-09 16:12:00,47.6,47.7,47.0,47.15
2021-12-09 17:12:00,47.5,47.5,47.04,47.23
2021-12-09 18:12:00,47.42,47.57,47.42,47.5
2021-12-09 19:12:00,48.14,48.51,47.74,47.83
2021-12-09 20:12:00,47.75,47.9,47.61,47.68
2021-12-10 14:12:00,48.44,49.2,47.92,48.05
2021-12-10 15:12:00,48.32,48.61,48.23,48.23
2021-12-10 16:12:00,48.43,48.58,48.23,48.25
2021-12-10 17:12:00,48.81,49.3,48.81,49.11
2021-12-10 18:12:00,50.04,50.04,49.92,50.03
2021-12-10 19:12:00,49.99,50.01,48.99,49.0
2021-12-10 20:12:00,49.16,49.55,49.16,49.55
2021-12-13 14:12:00,49.81,50.25,49.35,50.1
2021-12-13 15:12:00,49.87,50.08,49.49,49.57
2021-12-13 16:12:00,48.13,48.43,47.96,48.02
2021-12-13 17:12:00,47.79,48.21,47.64,48.21
2021-12-13 18:12:00,47.52,48.05,47.52,48.03
2021-12-13 19:12:00,47.99,48.09,47.94,48.01
2021-12-13 20:12:00,47.87,48.0,47.75,47.97
2021-12-14 14:12:00,44.83,47.08,44.83,46.41
2021-12-14 15:12:00,46.08,46.55,45.56,46.41
2021-12-14 16:12:00,46.52,46.54,45.9,46.02
2021-12-14 17:12:00,46.47,46.53,46.37,46.37
2021-12-14 18:12:00,46.17,46.69,46.17,46.46
2021-12-14 19:12:00,45.14,45.58,45.14,45.55
2021-12-14 20:12:00,46.03,46.13,45.88,46.05
2021-12-15 14:12:00,46.12,47.7,45.9,46.61
2021-12-15 15:12:00,47.59,48.16,46.81,47.14
2021-12-15 16:12:00,48.14,48.43,47.93,48.09
2021-12-15 17:12:00,48.33,48.67,48.29,48.46
2021-12-15 18:12:00,48.17,48.17,47.94,48.03
2021-12-15 19:12:00,48.46,49.83,48.06,49.64
2021-12-15 20:12:00,49.07,49.95,49.07,49.95
2021-12-16 14:12:00,50.22,50.57,48.8,49.25
2021-12-16 15:12:00,50.86,50.94,49.46,49.93
2021-12-16 16:12:00,50.98,50.99,49.92,49.93
2021-12-16 17:12:00,49.32,49.64,49.32,49.35
2021-12-16 18:12:00,49.44,49.47,49.21,49.26
2021-12-16 19:12:00,49.47,49.54,48.72,48.72
2021-12-16 20:12:00,47.1,47.69,47.1,47.69
2021-12-17 14:12:00,45.37,45.37,43.5,43.68
2021-12-17 15:12:00,44.96,45.32,44.75,44.99
2021-12-17 16:12:00,47.12,47.58,47.07,47.41
2021-12-17 17:12:00,46.73,46.82,46.73,46.77
2021-12-17 18:12:00,47.34,47.88,47.27,47.88
2021-12-17 19:12:00,48.02,48.19,47.93,48.06
2021-12-17 20:12:00,47.98,48.19,47.98,48.03
2021-12-20 14:12:00,46.15,47.17,45.8,46.57
2021-12-20 15:12:00,47.82,48.13,47.71,47.71
2021-12-20 16:12:00,48.52,48.54,47.77,47.77
2021-12-20 17:12:00,48.2,48.27,48.11,48.11
2021-12-20 18:12:00,48.97,49.4,48.89,49.23
2021-12-20 19:12:00,49.06,49.29,49.06,49.13
2021-12-20 20:12:00,48.74,48.83,48.65,48.83
2021-12-21 14:12:00,49.91,49.99,48.97,49.03
2021-12-21 15:12:00,47.83,48.51,47.83,48.49
2021-12-21 16:12:00,49.75,50.36,49.75,50.31
2021-12-21 17:12:00,51.0,51.07,50.94,51.03
2021-12-21 18:12:00,51.02,51.07,50.88,51.04
2021-12-21 19:12:00,50.73,50.73,50.31,50.35
2021-12-21 20:12:00,50.24,50.24,49.53,49.53
2021-12-22 14:12:00,50.37,51.05,50.37,51.05
2021-12-22 15:12:00,50.48,50.48,49.93,50.22
2021-12-22 16:12:00,50.94,50.94,50.77,50.89
2021-12-22 17:12:00,51.57,52.0,51.57,52.0
2021-12-22 18:12:00,52.3,52.63,52.3,52.36
2021-12-22 19:12:00,51.12,51.62,50.99,51.57
2021-12-22 20:12:00,51.36,51.45,51.36,51.45
2021-12-23 14:12:00,51.69,51.69,50.65,50.65
2021-12-23 15:12:00,50.5,50.5,49.07,49.25
2021-12-23 16:12:00,51.27,51.59,51.27,51.58
2021-12-23 17:12:00,51.25,51.33,51.2,51.27
2021-12-23 18:12:00,51.99,52.29,51.93,52.21
2021-12-23 19:12:00,52.41,52.5,52.3,52.3
2021-12-23 20:12:00,51.89,52.03,51.74,52.02
2021-12-27 14:12:00,51.92,53.79,51.92,53.6
2021-12-27 15:12:00,53.61,53.61,52.7,52.81
2021-12-27 16:12:00,52.72,52.72,52.4,52.4
2021-12-27 17:12:00,52.21,52.21,52.09,52.09
2021-12-27 18:12:00,53.07,53.3,53.07,53.3
2021-12-27 19:12:00,52.91,52.91,52.87,52.87
2021-12-27 20:12:00,52.79,53.04,52.79,53.04
2021-12-28 14:12:00,52.7,52.95,52.15,52.19
2021-12-28 15:12:00,52.67,53.17,52.67,53.09
2021-12-28 16:12:00,52.43,52.45,52.2,52.2
2021-12-28 17:12:00,51.94,51.94,51.94,51.94
2021-12-28 18:12:00,51.95,52.05,51.94,51.98
2021-12-28 19:12:00,51.82,51.96,51.82,51.96
2021-12-28 20:12:00,52.28,52.28,52.21,52.23
2021-12-29 14:12:00,51.98,51.98,50.22,50.22
2021-12-29 15:12:00,49.55,50.2,49.55,50.2
2021-12-29 16:12:00,50.24,50.41,50.16,50.24
2021-12-29 17:12:00,50.39,50.47,50.35,50.41
2021-12-29 18:12:00,50.71,51.0,50.69,51.0
2021-12-29 19:12:00,51.02,51.05,50.93,50.99
2021-12-29 20:12:00,51.11,51.11,50.77,50.77
2021-12-30 14:12:00,50.63,51.15,50.63,50.73
2021-12-30 15:12:00,50.93,50.98,50.7,50.7
2021-12-30 16:12:00,49.97,50.5,49.97,50.5
2021-12-30 17:12:00,51.04,51.04,50.99,51.03
2021-12-30 18:12:00,51.55,51.77,51.55,51.77
2021-12-30 19:12:00,52.29,52.29,52.17,52.17
2021-12-30 20:12:00,52.53,52.53,52.35,52.36
2021-12-31 14:12:00,52.75,53.0,52.0,52.0
2021-12-31 15:12:00,52.86,53.0,52.86,53.0
2021-12-31 16:12:00,51.76,51.94,51.72,51.84
2021-12-31 17:12:00,51.69,51.74,51.57,51.7
2021-12-31 18:12:00,51.92,51.97,51.79,51.86
2021-12-31 19:12:00,51.35,51.36,50.88,51.13
2021-12-31 20:12:00,51.6,51.6,51.33,51.53
2022-01-03 14:01:00,52.21,52.29,48.38,48.59
2022-01-03 15:01:00,47.18,48.21,46.72,47.45
2022-01-03 16:01:00,48.74,49.0,48.23,48.39
2022-01-03 17:01:00,48.39,48.87,48.36,48.87
2022-01-03 18:01:00,48.46,48.46,47.61,47.66
2022-01-03 19:01:00,47.69,47.7,47.3,47.55
2022-01-03 20:01:00,47.75,48.17,47.73,47.99
2022-01-04 14:01:00,47.38,47.38,45.6,47.0
2022-01-04 15:01:00,46.88,46.88,45.91,46.0
2022-01-04 16:01:00,45.0,45.48,44.58,45.35
2022-01-04 17:01:00,45.46,45.46,45.1,45.26
2022-01-04 18:01:00,44.65,45.12,44.54,45.02
2022-01-04 19:01:00,44.73,45.07,44.67,45.07
2022-01-04 20:01:00,45.99,46.47,45.99,46.39
2022-01-05 14:01:00,46.37,46.9,45.89,46.61
2022-01-05 15:01:00,46.1,46.42,45.84,46.2
2022-01-05 16:01:00,45.75,45.88,45.2,45.4
2022-01-05 17:01:00,45.47,45.6,45.0,45.0
2022-01-05 18:01:00,45.04,45.1,44.89,45.07
2022-01-05 19:01:00,45.21,45.56,44.4,44.4
2022-01-05 20:01:00,43.71,44.09,43.46,43.77
2022-01-06 14:01:00,42.47,44.71,42.43,43.5
2022-01-06 15:01:00,42.75,42.75,41.51,41.89
2022-01-06 16:01:00,44.44,44.76,44.21,44.76
2022-01-06 17:01:00,44.0,44.08,43.86,43.86
2022-01-06 18:01:00,44.69,44.84,44.35,44.47
2022-01-06 19:01:00,44.35,44.35,43.93,44.12
2022-01-06 20:01:00,43.87,44.18,43.87,43.88
2022-01-07 14:01:00,43.56,44.6,43.21,44.6
2022-01-07 15:01:00,44.5,44.55,43.75,43.88
2022-01-07 16:01:00,43.19,43.43,43.02,43.33
2022-01-07 17:01:00,44.5,44.55,44.48,44.54
2022-01-07 18:01:00,44.67,44.8,44.63,44.69
2022-01-07 19:01:00,44.39,44.39,43.84,43.84
2022-01-07 20:01:00,44.25,44.52,44.24,44.43
2022-01-10 14:01:00,42.89,43.14,41.8,42.74
2022-01-10 15:01:00,41.49,41.55,40.92,40.94
2022-01-10 16:01:00,40.89,41.21,40.89,41.1
2022-01-10 17:01:00,42.99,43.04,42.5,42.63
2022-01-10 18:01:00,42.9,43.17,42.85,43.17
2022-01-10 19:01:00,44.36,44.38,44.21,44.28
2022-01-10 20:01:00,45.01,45.1,44.79,44.96
2022-01-11 14:01:00,44.13,46.5,44.13,45.75
2022-01-11 15:01:00,47.24,48.09,47.24,48.09
2022-01-11 16:01:00,46.95,48.09,46.95,48.08
2022-01-11 17:01:00,48.43,48.65,48.34,48.6
2022-01-11 18:01:00,48.47,48.53,48.35,48.53
2022-01-11 19:01:00,48.72,48.72,48.56,48.64
2022-01-11 20:01:00,48.58,48.77,48.57,48.71
2022-01-12 14:01:00,49.45,50.06,49.45,49.71
2022-01-12 15:01:00,49.75,50.02,49.62,49.88
2022-01-12 16:01:00,47.47,47.47,47.01,47.16
2022-01-12 17:01:00,47.07,47.21,46.96,47.21
2022-01-12 18:01:00,48.56,48.57,48.06,48.06
2022-01-12 19:01:00,47.63,47.68,47.62,47.68
2022-01-12 20:01:00,47.55,47.55,47.3,47.33
2022-01-13 14:01:00,47.25,47.29,46.79,46.8
2022-01-13 15:01:00,45.52,45.67,44.98,44.98
2022-01-13 16:01:00,43.41,43.68,43.07,43.34
2022-01-13 17:01:00,44.42,44.42,43.83,43.92
2022-01-13 18:01:00,43.37,43.9,43.18,43.82
2022-01-13 19:01:00,43.8,43.97,43.8,43.87
2022-01-13 20:01:00,43.29,43.29,42.77,42.77
2022-01-14 14:01:00,41.97,42.95,41.51,42.89
2022-01-14 15:01:00,42.58,42.58,41.53,41.55
2022-01-14 16:01:00,41.52,41.6,41.38,41.6
2022-01-14 17:01:00,41.88,42.02,41.7,42.02
2022-01-14 18:01:00,41.58,41.97,41.58,41.91
2022-01-14 19:01:00,42.03,42.15,41.92,42.15
2022-01-14 20:01:00,42.26,42.54,42.26,42.48
2022-01-18 14:01:00,41.52,41.94,41.0,41.89
2022-01-18 15:01:00,42.46,43.36,42.3,43.15
2022-01-18 16:01:00,42.7,42.72,42.19,42.31
2022-01-18 17:01:00,41.73,41.73,41.73,41.73
2022-01-18 18:01:00,41.45,41.45,41.11,41.14
2022-01-18 19:01:00,41.31,41.31,41.17,41.26
2022-01-18 20:01:00,41.82,41.82,41.65,41.73
2022-01-19 14:01:00,41.67,42.59,41.67,42.23
2022-01-19 15:01:00,42.77,43.0,42.06,42.22
2022-01-19 16:01:00,41.7,41.78,41.39,41.55
2022-01-19 17:01:00,41.38,41.71,41.38,41.66
2022-01-19 18:01:00,42.49,42.51,42.25,42.42
2022-01-19 19:01:00,42.25,42.25,41.87,41.87
2022-01-19 20:01:00,41.78,42.09,41.72,42.09
2022-01-20 14:01:00,42.55,43.59,42.45,43.5
2022-01-20 15:01:00,43.8,44.44,43.8,44.18
2022-01-20 16:01:00,43.89,44.2,43.72,43.79
2022-01-20 17:01:00,44.54,44.55,44.45,44.47
2022-01-20 18:01:00,44.08,44.08,43.66,43.72
2022-01-20 19:01:00,44.0,44.24,43.68,43.7
2022-01-20 20:01:00,43.14,43.36,42.77,42.91
2022-01-21 14:01:00,41.43,42.48,41.38,41.79
2022-01-21 15:01:00,41.07,41.21,40.09,40.18
2022-01-21 16:01:00,42.03,42.28,41.74,41.82
2022-01-21 17:01:00,41.62,42.04,41.5,41.58
2022-01-21 18:01:00,41.24,41.53,41.0,41.51
2022-01-21 19:01:00,41.3,41.61,41.25,41.45
2022-01-21 20:01:00,41.12,41.23,40.87,40.97
2022-01-24 14:01:00,38.5,38.5,36.77,37.25
2022-01-24 15:01:00,37.62,38.01,37.19,37.5
2022-01-24 16:01:00,36.83,37.14,36.28,36.28
2022-01-24 17:01:00,36.91,36.91,36.04,36.04
2022-01-24 18:01:00,37.74,38.57,37.59,38.5
2022-01-24 19:01:00,39.79,40.33,39.79,39.86
2022-01-24 20:01:00,40.4,40.73,40.22,40.71
2022-01-25 14:01:00,39.45,40.9,39.44,40.73
2022-01-25 15:01:00,39.88,39.88,39.28,39.5
2022-01-25 16:01:00,38.03,38.6,38.02,38.51
2022-01-25 17:01:00,38.2,38.36,38.0,38.0
2022-01-25 18:01:00,37.99,38.01,37.6,37.85
2022-01-25 19:01:00,38.45,38.73,38.2,38.73
2022-01-25 20:01:00,39.78,39.78,39.33,39.35
2022-01-26 14:01:00,41.28,41.28,40.44,40.68
2022-01-26 15:01:00,41.95,41.95,41.14,41.2
2022-01-26 16:01:00,41.86,42.28,41.54,42.27
2022-01-26 17:01:00,42.84,43.38,42.84,43.07
2022-01-26 18:01:00,44.06,44.06,43.72,43.79
2022-01-26 19:01:00,43.78,44.66,43.74,43.74
2022-01-26 20:01:00,41.32,41.32,39.97,40.48
2022-01-27 14:01:00,41.07,41.58,41.07,41.26
2022-01-27 15:01:00,40.3,41.36,40.3,41.36
2022-01-27 16:01:00,41.08,41.08,41.08,41.08
2022-01-27 17:01:00,40.53,40.53,40.53,40.53
2022-01-27 18:01:00,40.1,40.1,39.39,39.46
2022-01-27 19:01:00,39.6,39.74,39.6,39.71
2022-01-27 20:01:00,39.04,39.14,38.79,38.82
2022-01-28 14:01:00,38.83,38.84,37.39,37.4
2022-01-28 15:01:00,36.9,37.09,36.8,37.03
2022-01-28 16:01:00,38.73,39.28,38.52,39.0
2022-01-28 17:01:00,39.78,40.03,39.74,39.74
2022-01-28 18:01:00,39.42,39.76,39.42,39.76
2022-01-28 19:01:00,39.62,39.62,38.89,38.91
2022-01-28 20:01:00,39.83,39.94,39.67,39.74
2022-01-31 14:01:00,41.6,42.18,41.59,42.07
2022-01-31 15:01:00,42.61,43.11,42.61,42.77
2022-01-31 16:01:00,43.82,44.2,43.73,44.08
2022-01-31 17:01:00,44.5,44.63,44.39,44.45
2022-01-31 18:01:00,43.91,44.17,43.91,44.12
2022-01-31 19:01:00,44.13,44.21,43.93,44.2
2022-01-31 20:01:00,44.58,44.58,44.09,44.1
2022-02-01 14:02:00,44.97,44.97,43.78,43.81
2022-02-01 15:02:00,44.0,44.0,43.44,43.71
2022-02-01 16:02:00,45.49,45.73,45.45,45.7
2022-02-01 17:02:00,46.08,46.08,45.93,46.01
2022-02-01 18:02:00,46.59,46.59,46.38,46.38
2022-02-01 19:02:00,46.5,46.58,46.34,46.46
2022-02-01 20:02:00,46.34,46.5,46.32,46.39
2022-02-02 14:02:00,45.48,46.12,44.65,45.1
2022-02-02 15:02:00,45.86,46.03,45.74,46.0
2022-02-02 16:02:00,44.22,44.22,44.0,44.01
2022-02-02 17:02:00,44.36,44.36,43.93,44.23
2022-02-02 18:02:00,44.64,44.64,44.33,44.36
2022-02-02 19:02:00,44.26,44.43,43.88,43.9
2022-02-02 20:02:00,44.04,44.31,43.99,44.15
2022-02-03 14:02:00,41.65,43.07,41.65,42.99
2022-02-03 15:02:00,41.94,41.94,41.1,41.15
2022-02-03 16:02:00,42.3,42.3,42.1,42.26
2022-02-03 17:02:00,41.75,41.9,41.75,41.89
2022-02-03 18:02:00,41.6,41.61,41.33,41.42
2022-02-03 19:02:00,41.71,42.06,41.71,41.77
2022-02-03 20:02:00,41.3,41.32,41.25,41.32
2022-02-04 14:02:00,41.51,41.89,41.21,41.59
2022-02-04 15:02:00,41.93,42.32,41.83,42.25
2022-02-04 16:02:00,41.97,42.5,41.93,41.93
2022-02-04 17:02:00,42.62,42.64,42.43,42.51
2022-02-04 18:02:00,43.0,43.1,43.0,43.1
2022-02-04 19:02:00,43.07,43.27,43.07,43.15
2022-02-04 20:02:00,43.25,43.59,43.23,43.47
2022-02-07 14:02:00,44.09,44.59,44.09,44.59
2022-02-07 15:02:00,45.66,45.98,45.4,45.4
2022-02-07 16:02:00,45.73,45.73,44.87,44.88
2022-02-07 17:02:00,43.42,43.73,43.42,43.54
2022-02-07 18:02:00,43.98,44.21,43.85,44.12
2022-02-07 19:02:00,43.97,44.09,43.95,44.09
2022-02-07 20:02:00,43.53,43.87,43.53,43.87
2022-02-08 14:02:00,42.79,43.14,42.37,43.07
2022-02-08 15:02:00,42.3,42.7,41.75,42.69
2022-02-08 16:02:00,43.26,43.42,43.11,43.21
2022-02-08 17:02:00,43.51,43.51,43.33,43.33
2022-02-08 18:02:00,43.6,43.77,43.6,43.69
2022-02-08 19:02:00,43.73,43.78,43.66,43.75
2022-02-08 20:02:00,43.12,43.13,42.77,42.99
2022-02-09 14:02:00,44.1,45.03,44.09,44.4
2022-02-09 15:02:00,44.69,45.51,44.69,44.84
2022-02-09 16:02:00,45.55,45.71,45.24,45.24
2022-02-09 17:02:00,45.15,45.18,44.67,44.82
2022-02-09 18:02:00,45.64,45.89,45.64,45.77
2022-02-09 19:02:00,45.78,45.89,45.72,45.73
2022-02-09 20:02:00,46.04,46.13,45.93,46.13
2022-02-10 14:02:00,44.36,45.65,42.9,44.85
2022-02-10 15:02:00,46.18,47.58,46.03,47.15
2022-02-10 16:02:00,47.9,48.13,47.73,47.99
2022-02-10 17:02:00,47.95,47.98,47.78,47.8
2022-02-10 18:02:00,47.36,47.7,47.28,47.45
2022-02-10 19:02:00,47.35,47.35,46.74,46.79
2022-02-10 20:02:00,46.09,46.48,45.89,46.42
2022-02-11 14:02:00,46.85,47.0,46.21,46.21
2022-02-11 15:02:00,45.24,46.15,45.24,45.84
2022-02-11 16:02:00,46.38,46.5,45.8,45.8
2022-02-11 17:02:00,45.93,46.36,45.93,46.35
2022-02-11 18:02:00,45.72,45.72,45.72,45.72
2022-02-11 19:02:00,44.93,45.12,44.66,45.12
2022-02-11 20:02:00,45.01,45.26,44.96,45.01
2022-02-14 14:02:00,44.0,44.45,43.23,44.29
2022-02-14 15:02:00,45.07,45.36,44.61,45.36
2022-02-14 16:02:00,45.44,45.56,45.26,45.49
2022-02-14 17:02:00,44.66,45.04,44.66,44.91
2022-02-14 18:02:00,44.54,44.69,44.54,44.54
2022-02-14 19:02:00,43.69,43.91,43.6,43.91
2022-02-14 20:02:00,44.34,44.34,44.07,44.26
2022-02-15 14:02:00,44.56,44.58,43.58,44.19
2022-02-15 15:02:00,44.62,44.96,44.47,44.51
2022-02-15 16:02:00,44.16,44.47,44.16,44.47
2022-02-15 17:02:00,44.8,44.92,44.65,44.85
2022-02-15 18:02:00,44.45,44.55,44.41,44.45
2022-02-15 19:02:00,44.71,44.95,44.68,44.85
2022-02-15 20:02:00,45.47,45.72,45.44,45.69
2022-02-16 14:02:00,46.14,46.14,44.21,44.22
2022-02-16 15:02:00,44.62,45.28,44.62,45.15
2022-02-16 16:02:00,45.28,45.6,45.25,45.42
2022-02-16 17:02:00,45.14,45.14,44.87,44.96
2022-02-16 18:02:00,44.21,44.33,44.21,44.33
2022-02-16 19:02:00,44.78,44.9,44.61,44.72
2022-02-16 20:02:00,44.95,45.24,44.93,45.14
2022-02-17 14:02:00,44.02,44.6,44.02,44.53
2022-02-17 15:02:00,44.44,44.44,44.3,44.3
2022-02-17 16:02:00,43.37,43.63,43.37,43.63
2022-02-17 17:02:00,43.47,43.47,43.07,43.08
2022-02-17 18:02:00,42.76,42.78,42.23,42.23
2022-02-17 19:02:00,41.82,41.82,41.61,41.75
2022-02-17 20:02:00,41.32,41.36,41.1,41.1
2022-02-18 14:02:00,41.63,42.17,40.73,40.73
2022-02-18 15:02:00,41.39,41.39,40.78,40.99
2022-02-18 16:02:00,39.48,39.56,39.02,39.42
2022-02-18 17:02:00,39.26,39.82,39.13,39.59
2022-02-18 18:02:00,39.21,39.21,38.81,38.81
2022-02-18 19:02:00,39.2,39.38,39.09,39.13
2022-02-18 20:02:00,39.3,39.45,39.0,39.06
2022-02-22 14:02:00,38.45,39.49,38.44,39.43
2022-02-22 15:02:00,38.61,39.36,38.58,39.36
2022-02-22 16:02:00,38.76,38.91,38.57,38.58
2022-02-22 17:02:00,37.77,37.95,37.71,37.71
2022-02-22 18:02:00,37.95,37.97,37.74,37.96
2022-02-22 19:02:00,37.77,37.89,37.69,37.85
2022-02-22 20:02:00,38.57,38.77,38.5,38.53
2022-02-23 14:02:00,35.72,38.04,35.54,37.04
2022-02-23 15:02:00,37.86,37.89,37.0,37.47
2022-02-23 16:02:00,36.43,36.46,36.05,36.05
2022-02-23 17:02:00,36.34,36.67,36.34,36.42
2022-02-23 18:02:00,35.69,35.79,35.38,35.45
2022-02-23 19:02:00,35.19,35.25,34.93,35.03
2022-02-23 20:02:00,34.47,34.72,34.47,34.71
2022-02-24 14:02:00,32.04,33.59,32.04,33.45
2022-02-24 15:02:00,35.03,36.2,34.84,36.09
2022-02-24 16:02:00,37.75,37.79,37.03,37.58
2022-02-24 17:02:00,37.89,37.89,37.24,37.26
2022-02-24 18:02:00,36.33,36.5,36.27,36.37
2022-02-24 19:02:00,37.02,37.22,36.82,37.22
2022-02-24 20:02:00,38.25,38.65,38.17,38.65
2022-02-25 14:02:00,38.79,38.79,37.83,38.22
2022-02-25 15:02:00,38.28,38.84,37.65,38.69
2022-02-25 16:02:00,39.68,39.74,39.32,39.73
2022-02-25 17:02:00,39.61,39.89,39.52,39.57
2022-02-25 18:02:00,39.08,39.11,38.77,38.77
2022-02-25 19:02:00,39.09,39.35,39.05,39.22
2022-02-25 20:02:00,39.07,39.09,38.73,38.87
2022-02-28 14:02:00,39.77,40.37,39.0,39.17
2022-02-28 15:02:00,40.36,40.5,39.26,39.26
2022-02-28 16:02:00,40.96,41.56,40.96,41.5
2022-02-28 17:02:00,41.74,41.74,40.8,40.8
2022-02-28 18:02:00,41.0,41.29,41.0,41.22
2022-02-28 19:02:00,40.81,40.98,40.65,40.98
2022-02-28 20:02:00,40.92,40.99,40.64,40.78
2022-03-01 14:03:00,42.33,43.12,42.22,42.22
2022-03-01 15:03:00,43.35,44.2,43.27,44.04
2022-03-01 16:03:00,43.21,43.25,42.76,43.18
2022-03-01 17:03:00,42.48,42.88,42.33,42.88
2022-03-01 18:03:00,43.48,43.59,43.2,43.2
2022-03-01 19:03:00,42.81,42.92,42.65,42.65
2022-03-01 20:03:00,42.64,43.2,42.55,42.8
2022-03-02 14:03:00,42.46,42.46,41.25,41.4
2022-03-02 15:03:00,41.17,41.18,40.17,40.36
2022-03-02 16:03:00,40.63,41.6,40.56,41.59
2022-03-02 17:03:00,40.83,41.52,40.78,41.52
2022-03-02 18:03:00,41.61,42.48,41.61,42.33
2022-03-02 19:03:00,42.34,42.59,42.34,42.5
2022-03-02 20:03:00,42.62,42.93,42.62,42.87
2022-03-03 14:03:00,42.13,42.13,40.25,40.25
2022-03-03 15:03:00,41.11,41.42,40.73,40.82
2022-03-03 16:03:00,40.03,40.03,39.48,39.6
2022-03-03 17:03:00,40.53,40.53,40.3,40.3
2022-03-03 18:03:00,40.73,40.89,40.61,40.89
2022-03-03 19:03:00,41.13,41.41,41.06,41.41
2022-03-03 20:03:00,41.0,41.03,40.87,41.03
2022-03-04 14:03:00,39.17,39.8,38.53,38.76
2022-03-04 15:03:00,38.1,38.38,37.14,37.22
2022-03-04 16:03:00,37.45,37.53,36.65,36.72
2022-03-04 17:03:00,37.79,38.52,37.76,38.43
2022-03-04 18:03:00,38.12,38.45,38.12,38.34
2022-03-04 19:03:00,37.85,37.96,37.72,37.72
2022-03-04 20:03:00,37.11,37.41,37.05,37.05
2022-03-07 14:03:00,38.19,38.58,36.71,36.88
2022-03-07 15:03:00,35.84,36.11,35.44,35.44
2022-03-07 16:03:00,34.63,35.74,34.63,35.73
2022-03-07 17:03:00,35.65,35.75,35.44,35.6
2022-03-07 18:03:00,35.03,35.18,34.88,34.91
2022-03-07 19:03:00,34.75,34.98,34.48,34.97
2022-03-07 20:03:00,34.13,34.17,33.95,33.95
2022-03-08 14:03:00,33.9,34.22,32.76,34.06
2022-03-08 15:03:00,33.02,33.28,32.89,33.28
2022-03-08 16:03:00,33.83,34.06,33.45,33.45
2022-03-08 17:03:00,32.38,33.45,32.37,33.45
2022-03-08 18:03:00,33.91,34.36,33.88,34.19
2022-03-08 19:03:00,32.95,33.13,32.77,32.88
2022-03-08 20:03:00,33.26,33.53,33.1,33.12
2022-03-09 14:03:00,33.09,33.67,32.66,32.66
2022-03-09 15:03:00,32.5,33.17,32.4,32.59
2022-03-09 16:03:00,33.86,34.02,33.41,33.41
2022-03-09 17:03:00,33.63,33.99,33.62,33.8
2022-03-09 18:03:00,34.61,34.67,34.07,34.67
2022-03-09 19:03:00,34.68,34.89,34.66,34.71
2022-03-09 20:03:00,34.94,34.96,34.8,34.88
2022-03-10 14:03:00,35.25,35.61,34.14,34.65
2022-03-10 15:03:00,35.0,35.67,34.92,35.65
2022-03-10 16:03:00,34.78,35.01,34.6,34.69
2022-03-10 17:03:00,34.85,34.85,34.49,34.57
2022-03-10 18:03:00,34.45,34.47,34.09,34.09
2022-03-10 19:03:00,34.57,35.02,34.54,34.77
2022-03-10 20:03:00,35.11,35.12,34.81,34.98
2022-03-11 14:03:00,35.2,35.2,33.67,33.67
2022-03-11 15:03:00,33.17,33.57,32.71,33.57
2022-03-11 16:03:00,32.74,33.1,32.62,32.88
2022-03-11 17:03:00,33.17,33.25,33.03,33.12
2022-03-11 18:03:00,33.05,33.24,32.97,33.02
2022-03-11 19:03:00,33.52,33.57,33.45,33.5
2022-03-11 20:03:00,33.55,33.78,33.54,33.76
2022-03-14 13:03:00,32.86,33.43,32.66,32.95
2022-03-14 14:03:00,32.82,33.5,32.82,33.5
2022-03-14 15:03:00,32.18,32.28,31.86,31.89
2022-03-14 16:03:00,31.79,31.79,31.63,31.67
2022-03-14 17:03:00,30.59,30.62,30.27,30.49
2022-03-14 18:03:00,30.22,30.49,30.19,30.22
2022-03-14 19:03:00,30.01,30.19,29.77,29.85
2022-03-15 13:03:00,30.51,31.4,30.5,30.93
2022-03-15 14:03:00,30.99,31.25,30.89,30.93
2022-03-15 15:03:00,31.37,31.56,31.31,31.41
2022-03-15 16:03:00,29.9,30.1,29.79,30.04
2022-03-15 17:03:00,30.31,30.37,30.2,30.23
2022-03-15 18:03:00,30.04,30.14,30.02,30.08
2022-03-15 19:03:00,30.21,30.25,30.14,30.22
2022-03-16 13:03:00,30.78,33.86,30.78,33.57
2022-03-16 14:03:00,32.94,33.46,32.62,33.38
2022-03-16 15:03:00,35.7,36.62,35.44,36.58
2022-03-16 16:03:00,35.91,35.91,34.75,35.08
2022-03-16 17:03:00,35.39,35.79,35.27,35.31
2022-03-16 18:03:00,34.96,34.96,33.02,33.1
2022-03-16 19:03:00,34.02,34.72,33.98,34.72
2022-03-17 13:03:00,34.42,36.24,34.28,36.09
2022-03-17 14:03:00,36.52,36.84,35.85,35.92
2022-03-17 15:03:00,35.72,35.9,35.53,35.72
2022-03-17 16:03:00,36.64,36.92,36.55,36.87
2022-03-17 17:03:00,37.64,37.75,37.48,37.56
2022-03-17 18:03:00,37.9,37.95,37.65,37.65
2022-03-17 19:03:00,37.77,37.8,37.24,37.36
2022-03-18 13:03:00,37.1,38.13,36.96,38.01
2022-03-18 14:03:00,38.42,39.12,38.36,39.12
2022-03-18 15:03:00,39.71,39.91,39.63,39.9
2022-03-18 16:03:00,39.71,40.03,39.69,39.82
2022-03-18 17:03:00,40.03,40.07,39.9,39.99
2022-03-18 18:03:00,40.27,40.29,39.93,40.18
2022-03-18 19:03:00,40.31,40.65,40.29,40.5
2022-03-21 13:03:00,39.51,39.91,39.33,39.89
2022-03-21 14:03:00,39.12,39.21,38.01,38.38
2022-03-21 15:03:00,39.17,39.46,39.14,39.46
2022-03-21 16:03:00,40.14,40.14,39.86,40.03
2022-03-21 17:03:00,38.74,38.8,38.63,38.7
2022-03-21 18:03:00,38.57,38.59,38.28,38.31
2022-03-21 19:03:00,38.81,39.03,38.81,39.02
2022-03-22 13:03:00,39.02,40.15,39.02,39.44
2022-03-22 14:03:00,39.83,40.62,39.83,40.58
2022-03-22 15:03:00,41.38,41.46,40.98,41.42
2022-03-22 16:03:00,41.32,41.34,41.2,41.23
2022-03-22 17:03:00,40.96,41.16,40.94,41.06
2022-03-22 18:03:00,41.84,41.98,41.74,41.98
2022-03-22 19:03:00,41.72,41.73,41.59,41.72
2022-03-23 13:03:00,40.1,40.18,39.63,39.97
2022-03-23 14:03:00,39.32,40.0,39.32,40.0
2022-03-23 15:03:00,40.86,41.43,40.79,41.3
2022-03-23 16:03:00,42.12,42.25,41.9,42.12
2022-03-23 17:03:00,41.78,41.85,41.66,41.81
2022-03-23 18:03:00,41.45,41.45,41.12,41.12
2022-03-23 19:03:00,41.17,41.18,40.98,41.03
2022-03-24 13:03:00,42.01,42.18,41.44,41.85
2022-03-24 14:03:00,41.23,41.78,40.97,40.97
2022-03-24 15:03:00,41.35,41.66,41.25,41.56
2022-03-24 16:03:00,41.91,41.97,41.73,41.97
2022-03-24 17:03:00,42.37,42.56,42.34,42.56
2022-03-24 18:03:00,42.45,42.54,41.94,42.05
2022-03-24 19:03:00,42.13,42.19,42.0,42.14
2022-03-25 13:03:00,42.34,42.34,41.06,41.29
2022-03-25 14:03:00,40.76,40.76,40.17,40.44
2022-03-25 15:03:00,41.06,41.08,40.33,40.33
2022-03-25 16:03:00,39.17,39.66,39.11,39.66
2022-03-25 17:03:00,39.97,39.98,39.88,39.88
2022-03-25 18:03:00,40.16,40.16,40.01,40.03
2022-03-25 19:03:00,40.31,40.31,40.08,40.23
2022-03-28 13:03:00,40.82,41.2,40.6,41.08
2022-03-28 14:03:00,40.56,40.56,40.24,40.49
2022-03-28 15:03:00,40.14,40.19,39.83,40.19
2022-03-28 16:03:00,40.06,40.13,39.95,39.95
2022-03-28 17:03:00,40.0,40.01,39.95,39.96
2022-03-28 18:03:00,40.21,40.26,40.12,40.14
2022-03-28 19:03:00,40.58,40.61,40.43,40.61
2022-03-29 13:03:00,40.22,41.0,40.0,40.01
2022-03-29 14:03:00,39.9,40.05,38.26,38.43
2022-03-29 15:03:00,39.25,39.75,39.13,39.75
2022-03-29 16:03:00,39.52,39.55,39.51,39.51
2022-03-29 17:03:00,39.92,39.93,39.89,39.89
2022-03-29 18:03:00,40.05,40.07,39.92,39.96
2022-03-29 19:03:00,40.31,40.4,40.23,40.29
2022-03-30 13:03:00,40.2,40.21,39.34,39.98
2022-03-30 14:03:00,40.36,40.56,39.7,40.07
2022-03-30 15:03:00,40.53,40.77,40.1,40.26
2022-03-30 16:03:00,40.16,40.23,40.04,40.08
2022-03-30 17:03:00,40.39,40.42,40.35,40.4
2022-03-30 18:03:00,39.55,39.55,39.4,39.46
2022-03-30 19:03:00,39.29,39.29,38.92,38.99
2022-03-31 13:03:00,38.94,38.94,38.03,38.04
2022-03-31 14:03:00,39.17,39.31,38.84,39.22
2022-03-31 15:03:00,39.56,39.64,39.56,39.64
2022-03-31 16:03:00,40.14,40.14,39.56,39.6
2022-03-31 17:03:00,39.5,39.5,39.5,39.5
2022-03-31 18:03:00,39.39,39.39,39.28,39.34
2022-03-31 19:03:00,39.61,39.72,39.46,39.46
2022-04-01 13:04:00,38.68,39.01,38.44,38.51
2022-04-01 14:04:00,38.73,38.73,38.47,38.51
2022-04-01 15:04:00,39.34,39.41,39.05,39.09
2022-04-01 16:04:00,38.77,38.83,38.75,38.83
2022-04-01 17:04:00,38.62,38.67,38.62,38.67
2022-04-01 18:04:00,38.86,38.86,38.74,38.83
2022-04-01 19:04:00,38.84,38.9,38.79,38.79
2022-04-04 13:04:00,39.56,40.16,39.22,40.16
2022-04-04 14:04:00,39.86,40.15,39.79,40.13
2022-04-04 15:04:00,40.95,41.24,40.62,40.65
2022-04-04 16:04:00,41.18,41.45,41.0,41.39
2022-04-04 17:04:00,41.54,41.68,41.38,41.53
2022-04-04 18:04:00,41.07,41.07,40.68,40.85
2022-04-04 19:04:00,41.13,41.27,41.11,41.23
2022-04-05 13:04:00,41.24,41.24,41.0,41.18
2022-04-05 14:04:00,40.36,40.36,38.97,39.12
2022-04-05 15:04:00,39.02,39.02,38.79,39.0
2022-04-05 16:04:00,38.2,38.2,38.04,38.2
2022-04-05 17:04:00,38.12,38.37,38.12,38.29
2022-04-05 18:04:00,38.17,38.18,37.99,38.18
2022-04-05 19:04:00,38.39,38.45,38.27,38.42
2022-04-06 13:04:00,37.01,37.43,36.11,36.11
2022-04-06 14:04:00,35.54,35.54,34.83,35.2
2022-04-06 15:04:00,34.94,35.15,34.91,35.13
2022-04-06 16:04:00,35.55,35.55,35.21,35.23
2022-04-06 17:04:00,35.2,35.25,35.17,35.19
2022-04-06 18:04:00,35.61,36.18,35.38,35.4
2022-04-06 19:04:00,35.83,36.11,35.75,35.88
2022-04-07 13:04:00,36.21,36.6,36.01,36.09
2022-04-07 14:04:00,36.92,36.92,36.05,36.43
2022-04-07 15:04:00,35.73,35.73,35.48,35.48
2022-04-07 16:04:00,34.94,35.0,34.84,34.96
2022-04-07 17:04:00,35.28,35.55,35.28,35.52
2022-04-07 18:04:00,35.73,35.81,35.65,35.65
2022-04-07 19:04:00,35.94,36.29,35.94,36.27
2022-04-08 13:04:00,34.8,35.04,34.2,34.52
2022-04-08 14:04:00,34.02,34.23,33.98,34.0
2022-04-08 15:04:00,34.92,35.12,34.83,35.1
2022-04-08 16:04:00,34.57,34.59,34.45,34.52
2022-04-08 17:04:00,34.5,34.56,34.37,34.45
2022-04-08 18:04:00,34.45,34.53,34.4,34.5
2022-04-08 19:04:00,34.32,34.67,34.24,34.6
2022-04-11 13:04:00,33.15,34.06,32.93,34.06
2022-04-11 14:04:00,34.28,34.89,34.18,34.2
2022-04-11 15:04:00,34.36,34.58,34.29,34.31
2022-04-11 16:04:00,34.4,34.5,34.35,34.37
2022-04-11 17:04:00,34.39,34.59,34.38,34.45
2022-04-11 18:04:00,34.14,34.25,34.09,34.18
2022-04-11 19:04:00,34.09,34.09,33.96,34.08
2022-04-12 13:04:00,35.35,35.71,34.16,34.45
2022-04-12 14:04:00,35.9,35.91,35.67,35.71
2022-04-12 15:04:00,34.58,34.75,34.42,34.62
2022-04-12 16:04:00,34.65,34.72,34.37,34.37
2022-04-12 17:04:00,34.59,34.85,34.58,34.85
2022-04-12 18:04:00,34.5,34.67,34.35,34.35
2022-04-12 19:04:00,34.46,34.47,34.16,34.2
2022-04-13 13:04:00,33.93,35.33,33.7,35.29
2022-04-13 14:04:00,36.17,36.51,35.92,36.05
2022-04-13 15:04:00,36.9,37.13,36.85,36.93
2022-04-13 16:04:00,37.48,37.61,37.37,37.5
2022-04-13 17:04:00,37.54,37.76,37.53,37.74
2022-04-13 18:04:00,37.65,37.66,37.6,37.66
2022-04-13 19:04:00,37.85,38.2,37.8,38.2
2022-04-14 13:04:00,37.87,37.95,37.44,37.59
2022-04-14 14:04:00,37.75,37.83,37.15,37.28
2022-04-14 15:04:00,37.11,37.36,36.95,36.95
2022-04-14 16:04:00,37.1,37.16,37.1,37.16
2022-04-14 17:04:00,37.13,37.13,36.95,37.0
2022-04-14 18:04:00,37.39,37.39,37.27,37.31
2022-04-14 19:04:00,37.03,37.21,37.03,37.21
2022-04-18 13:04:00,37.01,37.01,36.15,36.5
2022-04-18 14:04:00,36.91,37.72,36.88,37.36
2022-04-18 15:04:00,36.57,36.61,36.5,36.5
2022-04-18 16:04:00,36.05,36.07,35.92,35.92
2022-04-18 17:04:00,36.12,36.41,36.12,36.37
2022-04-18 18:04:00,36.61,36.8,36.61,36.8
2022-04-18 19:04:00,37.08,37.11,36.98,36.98
2022-04-19 13:04:00,36.34,36.36,36.08,36.17
2022-04-19 14:04:00,36.75,37.11,36.64,37.11
2022-04-19 15:04:00,37.47,37.63,37.4,37.61
2022-04-19 16:04:00,38.04,38.25,38.04,38.25
2022-04-19 17:04:00,38.14,38.14,38.14,38.14
2022-04-19 18:04:00,37.85,37.85,37.85,37.85
2022-04-19 19:04:00,37.7,37.7,37.59,37.59
2022-04-20 13:04:00,37.79,37.79,36.55,36.55
2022-04-20 14:04:00,35.9,36.31,35.8,36.31
2022-04-20 15:04:00,36.47,36.47,36.08,36.08
2022-04-20 16:04:00,35.7,35.78,35.7,35.75
2022-04-20 17:04:00,36.32,36.46,36.27,36.46
2022-04-20 18:04:00,36.44,36.44,36.31,36.31
2022-04-20 19:04:00,36.42,36.53,36.4,36.51
2022-04-21 13:04:00,37.24,37.29,36.03,36.05
2022-04-21 14:04:00,35.85,35.86,35.27,35.27
2022-04-21 15:04:00,34.26,34.45,34.26,34.45
2022-04-21 16:04:00,33.62,33.72,33.48,33.61
2022-04-21 17:04:00,33.5,33.64,33.5,33.59
2022-04-21 18:04:00,33.49,33.53,33.34,33.39
2022-04-21 19:04:00,33.27,33.32,33.2,33.25
2022-04-22 13:04:00,33.89,34.11,33.74,33.92
2022-04-22 14:04:00,33.58,33.92,33.5,33.5
2022-04-22 15:04:00,33.43,33.7,33.3,33.55
2022-04-22 16:04:00,32.91,32.91,32.82,32.86
2022-04-22 17:04:00,32.7,32.91,32.7,32.91
2022-04-22 18:04:00,32.59,32.67,32.58,32.67
2022-04-22 19:04:00,32.73,32.84,32.73,32.84
2022-04-25 13:04:00,32.0,33.17,32.0,33.04
2022-04-25 14:04:00,33.06,33.52,32.99,33.36
2022-04-25 15:04:00,34.02,34.19,33.92,34.16
2022-04-25 16:04:00,33.8,34.08,33.75,34.05
2022-04-25 17:04:00,33.9,34.3,33.9,34.29
2022-04-25 18:04:00,34.2,34.36,34.17,34.29
2022-04-25 19:04:00,34.32,34.6,34.17,34.6
2022-04-26 13:04:00,34.96,35.12,34.59,35.12
2022-04-26 14:04:00,34.83,34.83,33.93,33.93
2022-04-26 15:04:00,34.27,34.28,33.87,34.08
2022-04-26 16:04:00,33.98,34.19,33.97,34.19
2022-04-26 17:04:00,34.46,34.46,34.46,34.46
2022-04-26 18:04:00,34.53,34.68,34.44,34.68
2022-04-26 19:04:00,34.99,35.06,34.87,34.9
2022-04-27 13:04:00,34.37,35.32,34.24,35.11
2022-04-27 14:04:00,34.77,34.77,33.48,33.5
2022-04-27 15:04:00,33.25,33.75,33.25,33.41
2022-04-27 16:04:00,33.24,33.46,33.2,33.37
2022-04-27 17:04:00,33.47,33.7,33.32,33.33
2022-04-27 18:04:00,33.26,33.57,33.22,33.56
2022-04-27 19:04:00,33.17,33.36,33.15,33.36
2022-04-28 13:04:00,34.12,34.22,33.6,33.6
2022-04-28 14:04:00,33.16,33.16,32.7,32.7
2022-04-28 15:04:00,32.79,33.14,32.79,33.14
2022-04-28 16:04:00,32.81,32.81,32.8,32.8
2022-04-28 17:04:00,34.17,34.74,34.16,34.74
2022-04-28 18:04:00,35.01,35.19,35.0,35.19
2022-04-28 19:04:00,35.05,35.25,35.05,35.23
2022-04-29 13:04:00,35.07,35.97,35.07,35.55
2022-04-29 14:04:00,36.15,36.15,35.54,35.56
2022-04-29 15:04:00,34.95,34.95,34.71,34.8
2022-04-29 16:04:00,34.66,34.66,34.48,34.59
2022-04-29 17:04:00,34.22,34.28,34.16,34.19
2022-04-29 18:04:00,33.85,33.85,33.67,33.73
2022-04-29 19:04:00,33.59,33.65,33.55,33.55
2022-05-02 13:05:00,32.7,32.91,32.5,32.91
2022-05-02 14:05:00,33.73,33.73,32.8,32.8
2022-05-02 15:05:00,33.17,33.17,33.17,33.17
2022-05-02 16:05:00,33.54,33.77,33.54,33.56
2022-05-02 17:05:00,33.18,33.25,33.15,33.15
2022-05-02 18:05:00,32.98,33.22,32.98,33.02
2022-05-02 19:05:00,33.31,33.67,33.29,33.67
2022-05-03 13:05:00,33.26,33.79,33.26,33.32
2022-05-03 14:05:00,33.94,34.75,33.85,33.85
2022-05-03 15:05:00,32.82,33.18,32.63,33.0
2022-05-03 16:05:00,32.61,32.66,32.13,32.13
2022-05-03 17:05:00,32.46,32.46,32.46,32.46
2022-05-03 18:05:00,32.61,32.61,32.5,32.51
2022-05-03 19:05:00,32.56,32.67,32.52,32.65
2022-05-04 13:05:00,32.04,32.09,31.82,31.82
2022-05-04 14:05:00,30.32,30.32,29.7,30.0
2022-05-04 15:05:00,29.86,29.95,29.6,29.71
2022-05-04 16:05:00,30.37,30.37,30.16,30.18
2022-05-04 17:05:00,30.69,30.69,30.57,30.59
2022-05-04 18:05:00,30.75,31.0,30.31,30.46
2022-05-04 19:05:00,31.96,32.45,31.88,32.45
2022-05-05 13:05:00,31.97,32.12,31.27,31.27
2022-05-05 14:05:00,30.28,30.33,30.02,30.12
2022-05-05 15:05:00,29.88,29.91,29.83,29.91
2022-05-05 16:05:00,29.64,29.79,29.62,29.79
2022-05-05 17:05:00,30.18,30.22,30.15,30.15
2022-05-05 18:05:00,29.68,29.68,29.61,29.63
2022-05-05 19:05:00,29.44,29.44,29.26,29.32
2022-05-06 13:05:00,28.47,28.47,25.49,25.49
2022-05-06 14:05:00,26.02,26.91,26.02,26.48
2022-05-06 15:05:00,27.36,27.4,26.71,27.11
2022-05-06 16:05:00,26.89,27.59,26.8,26.8
2022-05-06 17:05:00,26.92,27.0,26.8,26.97
2022-05-06 18:05:00,26.29,26.32,26.05,26.05
2022-05-06 19:05:00,25.99,25.99,25.83,25.83
2022-05-09 13:05:00,25.01,25.49,24.35,24.41
2022-05-09 14:05:00,23.8,23.83,23.51,23.81
2022-05-09 15:05:00,23.16,23.18,22.85,23.05
2022-05-09 16:05:00,23.08,23.66,22.96,23.66
2022-05-09 17:05:00,23.08,23.08,22.92,22.95
2022-05-09 18:05:00,22.63,22.65,22.45,22.56
2022-05-09 19:05:00,22.3,22.46,22.21,22.3
2022-05-10 13:05:00,23.26,23.83,22.45,22.45
2022-05-10 14:05:00,22.53,22.83,22.15,22.28
2022-05-10 15:05:00,21.13,21.18,20.64,20.91
2022-05-10 16:05:00,21.08,21.11,20.78,21.08
2022-05-10 17:05:00,20.96,21.18,20.96,21.06
2022-05-10 18:05:00,22.13,22.35,22.06,22.33
2022-05-10 19:05:00,22.1,22.18,21.85,21.98
2022-05-11 13:05:00,21.03,21.52,20.8,21.46
2022-05-11 14:05:00,21.74,21.89,21.37,21.58
2022-05-11 15:05:00,21.24,21.29,21.08,21.2
2022-05-11 16:05:00,20.78,20.92,20.72,20.74
2022-05-11 17:05:00,20.21,20.24,20.05,20.16
2022-05-11 18:05:00,19.89,20.11,19.88,19.98
2022-05-11 19:05:00,20.11,20.11,19.8,19.8
2022-05-12 13:05:00,18.76,19.61,18.72,19.6
2022-05-12 14:05:00,19.51,20.74,19.41,20.45
2022-05-12 15:05:00,21.55,22.45,21.46,22.37
2022-05-12 16:05:00,21.1,21.33,20.88,21.11
2022-05-12 17:05:00,20.96,21.09,20.78,21.0
2022-05-12 18:05:00,20.89,20.89,20.57,20.69
2022-05-12 19:05:00,20.79,21.01,20.79,21.0
2022-05-13 13:05:00,22.65,24.04,22.63,23.95
2022-05-13 14:05:00,24.99,26.36,24.99,26.3
2022-05-13 15:05:00,25.15,25.4,24.94,24.97
2022-05-13 16:05:00,25.03,25.41,25.03,25.41
2022-05-13 17:05:00,25.37,25.37,25.12,25.12
2022-05-13 18:05:00,24.66,24.67,24.44,24.52
2022-05-13 19:05:00,24.69,24.81,24.64,24.64
2022-05-16 13:05:00,23.31,23.9,22.33,23.48
2022-05-16 14:05:00,23.07,23.7,22.77,23.54
2022-05-16 15:05:00,22.5,22.61,22.44,22.45
2022-05-16 16:05:00,22.94,23.04,22.72,22.72
2022-05-16 17:05:00,22.72,23.05,22.63,23.05
2022-05-16 18:05:00,22.76,23.0,22.74,22.89
2022-05-16 19:05:00,22.9,22.95,22.72,22.79
2022-05-17 13:05:00,23.73,23.76,23.07,23.4
2022-05-17 14:05:00,22.43,22.46,21.92,21.98
2022-05-17 15:05:00,21.36,21.98,21.36,21.96
2022-05-17 16:05:00,22.53,22.56,22.4,22.53
2022-05-17 17:05:00,22.29,22.72,22.27,22.69
2022-05-17 18:05:00,22.5,22.83,22.43,22.43
2022-05-17 19:05:00,22.6,22.78,22.6,22.75
2022-05-18 13:05:00,22.26,22.8,21.67,21.7
2022-05-18 14:05:00,21.82,22.81,21.82,22.81
2022-05-18 15:05:00,22.6,22.6,22.32,22.32
2022-05-18 16:05:00,21.84,21.85,21.67,21.75
2022-05-18 17:05:00,21.77,21.8,21.48,21.48
2022-05-18 18:05:00,21.25,21.27,21.08,21.1
2022-05-18 19:05:00,21.39,21.46,21.3,21.42
2022-05-19 13:05:00,22.09,22.88,22.04,22.47
2022-05-19 14:05:00,22.47,23.15,22.46,22.74
2022-05-19 15:05:00,23.31,23.47,23.06,23.47
2022-05-19 16:05:00,23.89,24.03,23.89,23.96
2022-05-19 17:05:00,23.69,23.71,23.39,23.51
2022-05-19 18:05:00,23.9,23.9,23.67,23.67
2022-05-19 19:05:00,23.74,23.74,23.6,23.61
2022-05-20 13:05:00,23.86,25.0,23.86,25.0
2022-05-20 14:05:00,25.36,25.39,24.35,24.45
2022-05-20 15:05:00,24.49,24.52,24.28,24.4
2022-05-20 16:05:00,24.34,24.43,23.91,24.0
2022-05-20 17:05:00,23.39,23.4,23.2,23.35
2022-05-20 18:05:00,23.96,24.01,23.78,23.97
2022-05-20 19:05:00,24.13,24.22,23.8,23.9
2022-05-23 13:05:00,24.33,24.45,23.77,24.45
2022-05-23 14:05:00,23.71,23.71,23.4,23.4
2022-05-23 15:05:00,23.67,23.97,23.67,23.72
2022-05-23 16:05:00,23.9,24.09,23.9,24.0
2022-05-23 17:05:00,23.83,23.83,23.73,23.73
2022-05-23 18:05:00,23.84,23.93,23.76,23.93
2022-05-23 19:05:00,23.69,23.8,23.69,23.72
2022-05-24 13:05:00,23.32,23.52,22.75,22.79
2022-05-24 14:05:00,22.22,22.63,22.06,22.63
2022-05-24 15:05:00,22.52,22.65,22.4,22.4
2022-05-24 16:05:00,22.86,23.05,22.78,22.89
2022-05-24 17:05:00,22.28,22.28,22.1,22.18
2022-05-24 18:05:00,22.26,22.39,22.16,22.33
2022-05-24 19:05:00,21.88,21.96,21.85,21.92
2022-05-25 13:05:00,22.85,22.96,22.75,22.75
2022-05-25 14:05:00,22.87,23.09,22.67,23.06
2022-05-25 15:05:00,23.63,23.71,23.32,23.48
2022-05-25 16:05:00,23.2,23.31,23.2,23.31
2022-05-25 17:05:00,23.26,23.45,23.26,23.36
2022-05-25 18:05:00,23.43,23.52,22.94,23.3
2022-05-25 19:05:00,23.6,23.66,23.53,23.66
2022-05-26 13:05:00,23.08,24.05,23.08,23.83
2022-05-26 14:05:00,24.35,24.55,24.29,24.44
2022-05-26 15:05:00,24.97,25.03,24.9,24.9
2022-05-26 16:05:00,25.04,25.23,25.04,25.23
2022-05-26 17:05:00,25.18,25.21,25.01,25.01
2022-05-26 18:05:00,25.03,25.09,24.98,25.09
2022-05-26 19:05:00,24.99,24.99,24.82,24.87
2022-05-27 13:05:00,25.38,26.43,25.38,26.0
2022-05-27 14:05:00,26.53,26.78,26.3,26.43
2022-05-27 15:05:00,26.19,26.31,26.13,26.23
2022-05-27 16:05:00,26.57,26.65,26.4,26.43
2022-05-27 17:05:00,26.57,26.65,26.57,26.65
2022-05-27 18:05:00,26.66,26.79,26.66,26.77
2022-05-27 19:05:00,26.75,26.79,26.68,26.77
